<?xml version='1.0' encoding='UTF-8' ?>
<beans xmlns = "http://www.springframework.org/schema/beans"
       xmlns:context = "http://www.springframework.org/schema/context"
       xmlns:xsi = "http://www.w3.org/2001/XMLSchema-instance"
       xsi:schemaLocation = "
   http://www.springframework.org/schema/beans     
   http://www.springframework.org/schema/beans/spring-beans-3.0.xsd
   http://www.springframework.org/schema/context 
   http://www.springframework.org/schema/context/spring-context-3.0.xsd">

    <context:component-scan base-package = "com.student" />
    <context:component-scan base-package = "com.teacher" />
    <!--
    Most controllers will use the ControllerClassNameHandlerMapping above, but
    for the index controller we are using ParameterizableViewController, so we must
    define an explicit mapping for it.
    -->
    <!--   <bean id="viewResolver"
    class="org.springframework.web.servlet.view.InternalResourceViewResolver"
    p:prefix="/WEB-INF/jsp/"
    p:suffix=".jsp" />-->
    <bean class = "org.springframework.web.servlet.view.InternalResourceViewResolver">
        <property name = "prefix" value = "/WEB-INF/jsp/" />
        <property name = "suffix" value = ".jsp" />
    </bean>
<bean id = "studentValidator" class = "com.student.studentValidator" />
</beans>
